journalist,group,Finished,1_writing_a,Overall_Expert1_pysch1,Factual_errors_Expert2_pysch1,representation_Expert2_pysch1,depth_Expert2_pysch1,Overall_Expert2_pysch1,1_writing_b,Overall_Expert1_gun1,Factual_errors_Expert2_gun1,representation_Expert2_gun1,depth_Expert2_gun1,Overall_Expert2_gun1,2_writing_b,Overall_Expert1_gun2,Factual_errors_Expert2_gun2,representation_Expert2_gun2,depth_Expert2_gun2,Overall_Expert2_gun2,2_writing_a,Overall_Expert1_pysch2,Factual_errors_Expert2_pysch2,representation_Expert2_pysch2,depth_Expert2_pysch2,Overall_Expert2_pysch2,1_expertise_1,1_helpfulness_1,2_expertise_1,2_helpfulness_1,12_expertise_2,12_helpfulness_2,ResponseId,Age,Gender,Education,Education_7_TEXT,Working Experience,1_duration_a,1_chatlink_a,1_duration_b,1_chatlink_b,2_duration_b,2_chatlink_b,2_duration_a,2_chatlink_a
1,1,TRUE,,,,,,,,,,,,,"
""Study finds alarming link between gun violence exposure (GVE) & suicidal behaviors among Black adults in the US. Being threatened with a gun or knowing someone who's been shot significantly increases risk of suicidal ideation. Urgent call for public health interventions. ",4,0,0,1,1,"""New study reveals complex impact of psychiatric hospitalization on subsequent suicidal behaviors, highlighting the need for personalized treatment approaches. While associated with reduced risk post-attempt, it shows limited efficacy for SI-only cases. Individualized strategies could lead to significant reductions in both suicide attempts and hospitalizations. #MentalHealth #SuicidePrevention""",4,1,1,1,-1,,,5,5,4,4,R_4dnZuujLN4Mn9um,46,Female,Master’s or equivalent level,,More than 10 years,,,,,577.039,https://chat.openai.com/share/431a70f2-fd2b-4935-a36e-5818ecd77ef3,74.085,https://chat.openai.com/share/f3e5d718-e925-4e5e-bead-a8b733361bae
2,0,TRUE,"🧠💡 New Insights in Managing Suicide Risk! Recent study explores the impact of psychiatric hospitalization after crises. Results? It's not always effective: for some, it reduces risk; for others, it doesn't. A personalized approach could cut suicide attempts by 16%. #MentalHealt",3,0,1,0,-1,🚨 New study reveals a stark reality: Exposure to gun violence significantly increases the risk of suicidal thoughts and behaviors among Black adults in the US. 🧠💔 Reducing gun violence could help lower suicide rates. #MentalHealthAwareness #GunViolence #PublicHealth,3,1,1,2,0,,,,,,,,,,,,,4,7,,,4,6,R_6G8TRK7mezCmvlE,42,Male,Master’s or equivalent level,,Less than 1 year,217.751,i can't. I used chatgpt through an app :(,188.529,samesame,,,,
3,1,TRUE,,,,,,0,,,,,,,"A Study on 3015 Black adults shows GVE significantly linked to suicidal thoughts and attempts in this population. The study urges comprehensive public health efforts to reduce gun violence, address mental health and decrease suicide in Black communities in the US.",3,0,1,2,1,"""New study finds psychiatric hospitalization reduces immediate suicide risk post-attempt but not for ideation alone. Individualized treatment rules could personalize care, saving lives and reducing unnecessary hospitalizations. #SuicidePrevention #MentalHealth""",3,1,1,0,-2,,,1,4,3,5,R_7GUlxEwsm4ANY9n,66,Male,Master’s or equivalent level,,1-3 years,,,,,372.137,https://chat.openai.com/share/43d51751-8943-402e-a905-03f0c02703bc,243.118,https://chat.openai.com/share/5a2940b1-d14f-4b40-b45b-2a6d9df69db0
4,1,TRUE,,,,,,0,,,,,,,New study by @AMAJournal reveals alarming association between gun violence exposure & suicide among Black adults in the US. Being shot or threatened increases risk of suicidal thoughts & attempts. Urgent call for public health action to tackle this crisis. #GunViolence,4,0,2,2,0,"Psychiatric hospitalization reduces suicide risk after an attempt but not for all, according to a new study by @AmerMedicalAssn. Customized treatment plans could cut suicides by 16% & hospital stays by 13%. #mentalhealth #suicideprevention",4,1,1,1,-1,,,4,6,4,6,R_2fPKnwwJ3SXlNdN,29,Female,Master’s or equivalent level,,4-6 years,,,,,248.785,https://chat.openai.com/share/385df7ee-8695-4af8-99f3-f0ac41be8d64,3503.419,https://chat.openai.com/share/c878be06-b331-46b9-9695-f48d9d2bdbf7
5,0,TRUE,"""New study in @JAMAPsych shows psychiatric hospitalization's varying effectiveness in reducing suicide risk among patients. Tailoring treatments could cut suicide attempts by 16.0% and hospitalizations by 13.0%. #mentalhealth #suicideprevention""
",5,0,0,2,2,"""New research suggests that reducing gun violence could also lower suicide rates among Black Americans. By addressing this issue, we can work towards a safer and healthier future for all. #GunViolence #SuicidePrevention #PublicHealth""",2,1,1,0,-2,,,,,,,,,,,,,2,4,,,2,7,R_2saDzTZSaCPpZNs,,,,,,428.461,https://chat.openai.com/share/8aeb49b2-1f2c-40f0-ab53-44c3d9896765,2955.078,https://chat.openai.com/share/cd07eb4b-802c-4fcd-a2a0-f523fa3bfc3a,,,,
6,0,TRUE,"Unraveling the puzzle of psychiatric hospitalization for suicide prevention: it's not one-size-fits-all!  New study with 90% male participants above 50 years, highlights the need for personalized approaches to save lives and resources. 🧩💡 #SuicidePrevention #PrecisionMedicine""",5,2,0,0,-2,"""Research shows stark connections: Gun violence exposure correlates with increased suicide risk among Black adults. These insights underscore the need for targeted interventions to promote mental health and community well-being. #GunViolence #SuicidePrevention""",1,2,1,0,-3,,,,,,,,,,,,,4,5,,,4,5,R_2g7nDxYeFPr352v,52,Female,Master’s or equivalent level,,More than 10 years,573.24,https://chat.openai.com/share/9ec0ba5f-dd37-4b63-85db-e3a0b88fcfbe,391.996,https://chat.openai.com/share/9ec0ba5f-dd37-4b63-85db-e3a0b88fcfbe,,,,
7,0,TRUE,"New study reveals: Psychiatric hospitalization may reduce suicide risk in immediate aftermath of a suicide attempt, but not for other types of suicidal ideation. Precision treatment could reduce risks & hospitalizations. #MentalHealthAwareness #SuicidePrevention",1,2,1,0,-3,"""New study reveals a strong link between gun violence exposure and increased suicidal thoughts and actions among Black adults in the US. Reducing gun violence could be key to preventing suicide in this community. #MentalHealthAwareness #GunViolence""",3,0,1,2,1,,,,,,,,,,,,,3,3,,,3,4,R_63y8AAf8TLPGRO3,53,Male,Doctoral or equivalent level,,1-3 years,249.305,https://chat.openai.com/share/1f980993-d1e5-47d9-9ca8-e3218a31e2ff,202.813,https://chat.openai.com/share/f8a07786-4bb3-4002-a6f7-d7c28ffa87bb,,,,
8,1,TRUE,,,,,,,,,,,,,"🔫🧠 Study finds Black adults exposed to gun violence have higher risk of suicidal thoughts & behaviors. Urgent action needed for mental health support & gun violence prevention.""",2,1,1,1,-1,"🔍 New study finds psychiatric hospitalization associated with 12% decrease in suicide risk within 24 hours of attempt, but not after. Tailored treatments could cut hospitalizations by 13%. 🏥💡 #MentalHealth #ResearchInsights",4,1,0,0,-1,,,5,4,5,3,R_2Pe7Wu3hNtg2ZU6,50,Male,Doctoral or equivalent level,,More than 10 years,,,,,378.546,https://chat.openai.com/share/47049c26-c987-43e9-ba51-ef200f258842,457.845,https://chat.openai.com/share/37ac994e-ced9-488a-a1b0-fd975984e16b
9,1,TRUE,,,,,,,,,,,,,"""New study finds alarming link between gun violence exposure and suicide among Black adults in the US. Understanding the impact of GVE on mental health is crucial for targeted intervention and support. Read more",3,0,1,1,0,"""💡 Think psychiatric hospitalization's the ultimate shield against suicide? Think again. New @JAMA_current study reveals while it may offer protection for some, it's not a one-size-fits-all fix. Get ready to explore the power of personalized care in #SuicidePrevention! 🧠""",4,0,0,0,0,,,3,3,3,3,R_4Ld8n99yqQacpmu,45,Female,Doctoral or equivalent level,,More than 10 years,,,,,527.522,https://chat.openai.com/share/a6457909-616f-4704-ab3b-1c5ea35dcf7c,429.753,https://chat.openai.com/share/d16607be-2f5b-4abb-a01b-a1ee8b4d69c0
10,0,TRUE,"New study shows psychiatric hospitalization reduces immediate suicide attempt risk but varies by patient history. Precision treatment could cut suicide attempts by 16% and reduce hospitalizations by 13%. #MentalHealthAwareness #SuicidePrevention""
",1,2,1,1,-2,"""Study reveals Black individuals exposed to gun violence at higher suicide risk. Immediate, targeted interventions crucial for suicide prevention. #MentalHealth #EndGunViolence #SuicidePrevention""",0,2,1,0,-3,,,,,,,,,,,,,3,6,,,3,6,R_7EnJjQXJawFTRwm,52,Female,Doctoral or equivalent level,,7-10 years,206.803,https://chat.openai.com/share/9d302f10-1f92-4229-8d39-b33340ff386f,516.972,https://chat.openai.com/share/768c3889-97b5-430a-b6eb-21093906cccc,,,,
11,0,TRUE,"🌟 Our latest research results provide smarter, efficient support for patients' mental health. These findings offer new benefits, including improved access to care and better patient outcomes. 💼💙 #MentalHealthResearch #TechForGood #Support
",0,3,2,0,-5,"""💡 New study reveals a strong link between gun violence exposures and suicide in Black adults. Understanding these connections can guide efforts to improve mental health and community safety. #Prevention #HealthEquity #GunSafety""",1,1,1,0,-2,,,,,,,,,,,,,2,5,,,2,5,R_7uPaeBlCYnge9ax,53,Female,Doctoral or equivalent level,,More than 10 years,514.418,https://chat.openai.com/share/1ac1a43b-f46a-43cd-bdb9-f74dd0489e5c,486.302,https://chat.openai.com/share/0fba4516-514c-469d-a6b8-57674df23651,,,,
12,0,TRUE,"A study examined psychiatric hospitalization's impact on preventing suicide attempts. Hospitalization didn't significantly reduce attempts compared to non-hospitalization. However, it helped recent attempters, suggesting personalized approaches. Further research is needed.",1,1,2,1,-2,"
New study reveals alarming link between gun violence exposure and suicide among Black adults in the US. Being threatened or knowing victims increases risk. Urgent need for action to address this crisis. #GunViolence #SuicidePrevention",4,0,1,2,1,,,,,,,,,,,,,2,4,,,2,3,R_2tnxsmidy0Q9YQ1,54,Female,Master’s or equivalent level,,More than 10 years,475.027,,180.748,https://chat.openai.com/share/e5c18d80-e327-4349-8d63-fd62901d74b7,,,,
13,1,TRUE,,,,,,0,,,,,,,"Hey politicians, wake up! Black Americans face a crisis within a crisis. Gun violence exposure is fueling a surge in suicides. How many more lives need to be lost before real action is taken? It's time to address this urgent issue head-on. #EndGunViolence #SaveBlackLives",2,1,1,0,-2,"Hey there, curious minds! 🌟 Discover how 'brain rest stops' can make a difference after tough moments. Not everyone needs the same puzzle pieces! Let's crack the code together and boost mental health! #MentalHealthMatters #BrainHealth #SuicidePrevention",0,4,0,0,-4,,,3,6,5,4,R_7sdyQIA4VE7WPTo,49,Male,Doctoral or equivalent level,,More than 10 years,,,,,14.915,https://chat.openai.com/share/c42f5972-be6d-46cd-968f-8dd19a6a40ba,565.912,https://chat.openai.com/share/27ad6961-9690-4574-91cc-eeceeee180c9
14,0,TRUE,"📊 Unlock insights into psychiatric hospitalization's role in suicide prevention. 🌟 This study illuminates individualized treatment approaches, offering hope for improved patient outcomes. Discover the future of mental health care today! #ResearchUpdate #PrecisionMedicine",3,1,2,0,-3,💔 Heartbreaking findings: Black individuals facing gun violence are at higher risk of suicide. Let's raise awareness and push for solutions to protect our communities. #StopGunViolence #MentalHealthMatters,1,2,1,0,-3,,,,,,,,,,,,,5,5,,,5,5,R_7IfLndj9JNO63Vw,27,Female,Master’s or equivalent level,,1-3 years,502.566,https://chat.openai.com/share/cd38339a-487e-4b38-92a6-9ecb9631266c,411.498,https://chat.openai.com/share/10d49b46-e977-48de-adb0-61f5504c1469,,,,
15,0,TRUE,"New research: Psychiatric hospitalization helps after suicide attempts, less effective for suicidal thoughts or recent attempts. Customized treatments could cut both suicide rates and hospital stays. #MentalHealth",1,0,3,1,-2,"Hey, young changemakers! Did you know gun violence hits Black youth hard, leading to higher rates of suicidal ideation & attempts? Let's unite to demand safer communities for our generation. #YouthForChange #MentalHealthAwareness",2,2,1,1,-2,,,,,,,,,,,,,4,4,,,4,4,R_5nfnwmO1TeGrdUr,35,Female,Doctoral or equivalent level,,4-6 years,579.516,https://chat.openai.com/share/e79d4f7d-326f-45d7-8cf0-29b153227a70,615.296,https://chat.openai.com/share/36db4ee5-1650-416f-b49d-7194877964f9,,,,
16,0,TRUE,Unlocking the path to better suicide prevention! 🚀 New study delves into the impact of psychiatric hospitalization on reducing suicidal behaviors. Discover how personalized approaches could reshape strategies for saving lives. #SuicidePrevention #MentalHealth #Research,2,3,0,0,-3,"Black individuals in the US face disproportionate exposure to gun violence, with alarming links to suicidal ideation and behaviors. This study sheds light on this critical issue. #GunViolence #MentalHealth #PublicHealth",3,0,1,2,1,,,,,,,,,,,,,6,7,,,6,5,R_27qh4YB11K9SzrE,43,Female,Doctoral or equivalent level,,More than 10 years,184.634,https://chat.openai.com/share/b7322aea-9c51-433b-8eb8-35a8aec31ad3,2877.81,https://chat.openai.com/share/6511dfac-9a75-4a09-9291-cede4cd5bb5c,,,,
17,0,TRUE,"New #research uncovers mixed findings on the impact of psychiatric hospitalization following #suicide attempts. While it reduces risks for some, not all patients benefit equally. This underscores the need for personalized treatment approaches in #mentalhealth care.",3,1,1,0,-2,Study uncovers the complex relationship between #gunviolence exposure and #mentalhealth outcomes among Black individuals. Emphasizing the need for comprehensive support systems. #MentalHealthAwareness #SupportSystems,0,2,1,0,-3,,,,,,,,,,,,,5,6,,,5,5,R_8eUY7id8CizzXcI,40,Female,Doctoral or equivalent level,,7-10 years,277.153,https://chat.openai.com/share/57cbda77-ee60-450d-934c-ed5c06c0492c,629.151,https://chat.openai.com/share/7eb7e433-417d-4848-8791-58b07aa42e78,,,,
18,0,TRUE,"🔍 New Study: Researchers examined psychiatric hospitalization for suicidal behaviors, involving 196,610 participants. Results show varied impacts on reducing suicide risk post recent attempts. Could personalized treatment rules help? #MentalHealth #Research 🧠🏥",3,1,2,0,-3,"""🚨 New study alert! 3015 Black adults reveal link between gun violence & suicide, for both men & women 😔. Let's raise awareness for safer communities. Published by the American Medical Association 📝📚 #GunViolence #SuicidePrevention""",0,2,1,1,-2,,,,,,,,,,,,,3,6,,,5,6,R_2LYxh85b5wL9ENM,33,Female,Master’s or equivalent level,,4-6 years,447.488,https://chat.openai.com/share/b8eede69-b4ad-4f6c-b456-6043f8f27afc,631.513,https://chat.openai.com/share/54a32e8b-a7ff-4f04-bd5b-b35f3f40ae3a,,,,
19,0,TRUE,"A new study sheds light on the impact of psychiatric hospitalization for suicidal patients and uncover what personalized treatment approaches can achieve. Read more: [link] #MentalHealth #SuicidePrevention""",3,1,1,0,-2,"""New study reveals alarming link between gun violence exposure and suicide among Black adults in the US. Being threatened or knowing someone shot significantly increases the risk. Read the entire scientific study here: [Link] #GunViolence #SuicidePrevention #PublicHealth
",4,0,1,2,1,,,,,,,,,,,,,3,3,,,3,3,R_5CG4CuJ7aufRQ0F,43,Other,Doctoral or equivalent level,,1-3 years,452.845,https://chat.openai.com/share/ae0aff65-3741-4fb7-b182-fec43ab0cb92,675.621,https://chat.openai.com/share/4d940bb8-4be0-44c9-96d7-70c657bb54e5,,,,
20,0,TRUE,"Study: Tailored Psychiatric Care Reduces Suicide Risk

Study shows psychiatric hospitalization marginally reduces post-discharge suicide attempt risk. Benefits are notable for recent attempters, with tailored strategies potentially lowering risks and reducing hospitalizations.",2,2,2,1,-3,New research indicates a link between gun violence exposure and higher suicide risk among Black adults in the US. Addressing gun violence could reduce these risks. #PublicHealth #GunViolenceAwareness,3,0,1,1,0,,,,,,,,,,,,,2,5,,,2,5,R_2vGZPubt3GyPsDn,63,Male,Doctoral or equivalent level,,More than 10 years,621.229,https://chat.openai.com/share/5de142e8-ee57-41e5-8919-ae8d67a61370,186.912,https://chat.openai.com/share/f5779a1f-eb32-461b-9bc6-0354cfdc845f,,,,
21,1,TRUE,,,,,,0,,,,,,,Recent study shows Black adults exposed to gun violence are more prone to suicidal thoughts and actions. This underscores the importance of addressing both violence prevention and mental health support within affected communities. #PublicHealth #GunViolence,2,0,1,1,0,New research delves into the effects of psychiatric hospitalization on suicide risk. The study highlights the importance of tailored interventions for individuals with suicidal behaviors. #MentalHealth #SuicidePrevention,3,1,1,0,-2,,,2,5,2,3,R_7eku1c6ayrd15Jr,31,Female,Doctoral or equivalent level,,Less than 1 year,,,,,258.462,https://chat.openai.com/share/87837612-03b6-49ae-8cbe-ce9fb69e08f0,693.665,https://chat.openai.com/share/93a15b80-2a3b-42c3-b83a-e6d25ff41a01
22,1,TRUE,,,,,,0,,,,,,,New study: Black adults in the US exposed to gun violence show higher rates of suicidal thoughts & behaviors. Urgent action needed to tackle both gun violence and mental health in affected communities. #PublicHealth #Research,3,0,1,2,1,"Ever wondered about the effectiveness of psychiatric hospitalization for those struggling with suicidal thoughts? A recent study delves into this topic, revealing insights that could shape future treatment strategies. #MentalHealth #SuicidePrevention",2,1,1,0,-2,,,5,6,6,6,R_2ebDNEgYTsOEQf0,46,Male,Doctoral or equivalent level,,More than 10 years,,,,,342.809,https://chat.openai.com/share/6cc1c7e0-2612-4e9e-897b-1ac396e8b999,770.195,https://chat.openai.com/share/91758d02-0d13-44e9-b601-3c0f848d9c12
23,1,TRUE,,,,,,0,,,,,,,"""New study reveals alarming link between gun violence exposure and suicidal ideation among Black adults in the US. Understanding these correlations sheds light on crucial public health issues. #GunViolence #MentalHealthAwareness""",2,1,1,1,-1,"""New study underscores the nuanced impact of psychiatric hospitalization on suicidal behaviors. Tailoring treatments based on individual needs can lead to better outcomes. #SuicidePrevention #MentalHealth""",2,1,1,0,-2,,,5,5,5,5,R_4WrvkuJSjYeIg25,57,Female,Bachelor’s or equivalent level,,More than 10 years,,,,,284.011,https://chat.openai.com/share/f392aba1-920d-4b36-8f85-a16c06feb8f6,2413.945,https://chat.openai.com/share/f392aba1-920d-4b36-8f85-a16c06feb8f6
24,1,TRUE,,,,,,0,,,,,,,New study reveals alarming link between gun violence exposure and suicide among Black adults in the US. Being threatened with a gun or knowing someone who has been shot increases risk of suicidal ideation and behavior. Urgent need for public health interventions. ,4,1,2,2,-1,"""🚨 New study alert! 🚨 Did you know that hospitalization might not always be the best solution for suicidal patients? Recent research suggests the effect varies depending on recent suicidal behavior and diagnosis. We need more research to understand how to best support these pat",4,0,0,1,1,,,2,4,2,4,R_2K9ZkIAyY4clGIC,52,Female,Master’s or equivalent level,,More than 10 years,,,,,294.645,https://chat.openai.com/share/9e8f2cd0-0c88-47d8-a3c9-81264f09835e,466.054,https://chat.openai.com/share/36048e8c-bb9b-4ef1-bf16-f712f37d7a48
25,0,TRUE,A recent study sheds light on the effectiveness of psychiatric hospitalization in mitigating subsequent suicidal behaviors. It highlights the need for personalized interventions. ,3,1,2,0,-3,Disturbing findings: US study reveals the concerning association between gun violence exposure and suicidal behaviors among Black adults. Time for change is now. #PublicHealth #Research,3,0,1,1,0,,,,,,,,,,,,,1,3,,,1,3,R_7TEOjOj8yFvQmG3,46,Female,Master’s or equivalent level,,More than 10 years,590.652,https://chat.openai.com/c/50cbabbd-fa8d-4c65-8df6-494568cd974c,125.89,https://chat.openai.com/share/9209fdf4-c1a1-4f01-851c-9e6188ca974b,,,,
26,1,TRUE,,,,,,0,,,,,,," New research alert! Published by the American Medical Association, a recent study unveils the link between gun violence exposure and suicide among Black adults in the US. Let's work together to address this critical issue and promote mental health and safety in our communities. ",1,0,1,1,0,"
""Exciting findings on psychiatric hospitalization & suicide risk: ⬇️ Risk after recent attempts, but not for all. With individualized treatment rules, we can improve outcomes! 📊 #SuicidePrevention #MentalHealth""",5,0,0,1,1,,,2,5,5,6,R_58M6KLotmoyH2DT,57,Male,Master’s or equivalent level,,More than 10 years,,,,,3868.944,https://chat.openai.com/share/b1ca20ec-8a25-4002-ad81-a9827f3b6479,278.709,https://chat.openai.com/share/d47a41ef-12cc-425d-b0d8-1a61c01ecd54
,1,FALSE,,,,,,0,,,,,,,Study finds alarming association between gun violence exposure and suicidal ideation among Black adults. Being shot or knowing someone shot increases risk. Public health action needed to tackle gun violence and mental health disparities in Black communities. #GunViolence #SuicidP,2,0,2,0,-2,,,,,,,,,5,5,,,FS_7yJZtG8PSRMzCzD,57,Female,Doctoral or equivalent level,,More than 10 years,,,,,629.407,https://chat.openai.com/share/70cfb8eb-c614-429f-9e3f-9695fe248040,,
,0,FALSE,🔍 New study reveals surprising insights on psychiatric hospitalization and suicide risk. Are current practices effective? Explore how individualized treatment rules could revolutionize our approach.,5,0,1,1,0,,,,,,,,,,,,,,,,,,,4,5,,,,,FS_42zXfAHRk39dMQI,24,Prefer not to say,Bachelor’s or equivalent level,,Less than 1 year,415.853,https://chat.openai.com/share/7a3b8b5a-c7ca-462d-8966-92853482d09c,,,,,,
,1,FALSE,,,,,,0,,,,,,,"
New study reveals a strong link between gun violence exposure and increased suicidal thoughts and behaviors among Black adults in the US. Addressing gun violence could significantly reduce suicide rates in this community. #MentalHealthAwareness #GunViolence #PublicHealth",4,0,1,2,1,,,,,,,,,,,,,FS_4ME7Ou5xr1QveeY,49,Female,Bachelor’s or equivalent level,,More than 10 years,,,,,500.278,,,
27,1,FALSE,,,,,,0,,,,,,,"Study based on survey data from 3015 Black US adults reveals gun violence exposure's link to increased suicide risks. Threats and knowing shooting victims correlate with suicidal ideation. Cumulative exposure amplifies risks, urging action against gun violence for mental health.",4,0,1,2,1,"Retrospective analysis of 196,610 veterans with suicidal thoughts/actions found psychiatric hospitalization didn't consistently reduce suicide risk. Individualized treatment approach could cut down both suicides and hospitalizations. #MentalHealth #SuicidePrevention",5,0,0,2,2,,,2,5,2,5,FS_7RNej3CNgjtmCzL,45,Male,Master’s or equivalent level,,More than 10 years,,,,,515.57,https://chat.openai.com/share/993354dc-b475-4fda-8e8b-9bc949be1696,559.936,https://chat.openai.com/share/ed1ddc5a-e125-4424-9816-afd4e6a1aaba
,1,FALSE,,,,,,0,,,,,,,"The study of 3015 Black adults found that exposure to various gun violence event was linked to lifetime suicidal ideation, planning, and attempts. Multiple exposures intensified these correlations, highlighting a concerning link between gun violence and suicidal behavior.",4,0,0,1,1,,,,,,,,,,,,,FS_6FmQSurZnD3jAGN,60,Male,Master’s or equivalent level,,More than 10 years,,,,,584.612,,,
,1,FALSE,,,,,,0,,,,,,,Exploring the link between gun violence exposure and mental health in Black communities 🧠🚫🔫. Our study finds a significant connection to suicidal thoughts and behaviors. It's time for targeted public health strategies to protect and heal. #MentalHealthMatters #StopGunViolenc,2,1,2,1,-2,,,,,,,,,5,6,,,FS_2GTUtT1VwjStLxL,40,Male,Bachelor’s or equivalent level,,More than 10 years,,,,,92.021,https://chat.openai.com/share/e/812511a0-c47b-4136-955e-714a6dea66e6,,
28,1,FALSE,,,,,,0,,,,,,,"A recent study by @AmerMedicalAssn sheds light on the link between #GunViolenceExposure (GVE) and Suicide among #Black Adults in the US. Shockingly, exposure to GVE significantly correlates with lifetime #suicidal ideation and behavior. More efforts are needed to tackle this.",2,1,1,1,-1,"🔬New Study Alert! Research by @AmerMedicalAssn delves into the effectiveness of psychiatric hospitalization for patients with suicidal behaviors. Results show it reduces risk post-#SuicideAttempt within 24hrs, but not after other attempts or #SuicidalIdeation only. #ScienceNews",1,1,2,0,-3,,,6,7,6,7,FS_2UXbdEM7RSuiIRD,32,Male,Doctoral or equivalent level,,Less than 1 year,,,,,603.778,https://chat.openai.com/share/29a10d0a-bde0-4ffb-abe0-26b5f383e53d,2515.659,https://chat.openai.com/share/29a10d0a-bde0-4ffb-abe0-26b5f383e53d
29,0,FALSE,"🔍 New Research Alert! 🧠 Investigating the impact of psychiatric hospitalization on subsequent suicidal behaviors. Findings reveal nuanced associations, highlighting the need for individualized treatment approaches. Learn more about this precision treatment analysis. #MentalHeal",4,0,2,0,-2,New study reveals alarming link between gun violence exposure and suicide among Black adults in the US. Findings underscore urgent need for comprehensive public health interventions to address both issues. #GunViolence #SuicidePrevention,3,0,2,1,-1,,,,,,,,,,,,,4,5,,,5,5,FS_8OJtGOjfFaucT5S,42,Male,Master’s or equivalent level,,More than 10 years,195.949,https://chat.openai.com/share/3e78f74d-2aca-4782-939b-5d5ed2fe6163,558.01,https://chat.openai.com/share/49a535bb-3cab-434e-9113-2eca3051ea15,,,,
,1,FALSE,,,,,,,,,,,,,New findings shows the link between gun violence exposure and suicidal ideation among Black adults in the US and underscore the urgent need for targeted interventions and policy changes to address this critical intersection of public health concerns. #GunViolence ,2,2,1,1,-2,,,,,,,,,2,5,,,FS_7wSdQQACSAPIsdr,71,Female,Master’s or equivalent level,,More than 10 years,,,,,168.427,https://chat.openai.com/share/3c04134e-85a9-422f-bc3e-ff35f1600008,,
,0,FALSE,"""New study explores the impact of psychiatric hospitalization on reducing subsequent suicidal behaviors in veterans. While findings suggest reduced risk post-hospitalization for SA, results vary across patients. More nuanced understanding needed. #MentalHealth #SuicidePrevention""",5,1,1,1,-1,,,,,,,,,,,,,,,,,,,4,4,,,,,FS_7pRKZn9tf7qv2dX,50,Male,Doctoral or equivalent level,,More than 10 years,1085.774,https://chat.openai.com/share/0f218eea-771b-4019-a440-d4d2dc7758ad,,,,,,
,1,FALSE,,,,,,0,,,,,,,Gun violence exposure (GVE) among Black adults in the US significantly correlates with lifetime suicidal ideation and behavior. Efforts to reduce interpersonal gun violence could also mitigate suicide risks among Black individuals. #GunViolence #SuicidePrevention #PublicHealth,4,0,1,2,1,,,,,,,,,5,7,,,FS_2VEeuD9C7g5y0Zm,43,Male,Master’s or equivalent level,,7-10 years,,,,,82.742,https://chat.openai.com/share/e/77e45cf4-4112-4130-8022-7f12d16b90cc,,